id;returned_completed_payment_data;last_edited_by;last_edited_when
1;../fake-data/blob/hipster.txt;mobile Fish;2019-11-20T14:47:16
2;../fake-data/blob/hipster.txt;Savings Account Dam;2019-11-21T07:06:03
3;../fake-data/blob/hipster.txt;Trace;2019-11-21T01:29:29
4;../fake-data/blob/hipster.txt;Metal deposit;2019-11-21T08:08:47
5;../fake-data/blob/hipster.txt;transmitter Implementation Electronics;2019-11-20T09:41:15
6;../fake-data/blob/hipster.txt;Money Market Account;2019-11-20T18:49:15
7;../fake-data/blob/hipster.txt;Grocery Home;2019-11-20T20:54:21
8;../fake-data/blob/hipster.txt;enable Gorgeous Frozen Pants;2019-11-21T03:54:50
9;../fake-data/blob/hipster.txt;Licensed Savings Account;2019-11-21T00:19:16
10;../fake-data/blob/hipster.txt;Planner Canyon;2019-11-20T12:51:43
