id;thumbnail_image_url;original_image_url;banner_tall_image_url;banner_wide_image_url;circle_image_url;sharpened_image_url;square_image_url;watermark_image_url;priority;default_ind
1;Multi-layered Refined Concrete Ball;Kids Fish end-to-end;application;Iranian Rial;Investment Account;Licensed;Upgradable invoice transition;Computer Small Rubber Salad;91260;false
2;backing up;digital Gorgeous bandwidth;Manager Senior Buckinghamshire;deposit Strategist compelling;Fish;Bhutan;reciprocal;grey asymmetric Incredible;39943;true
3;payment models;Principal;backing up;Movies;Handcrafted Wooden Fish;solid state Networked;indexing;Handmade Rubber Fish Officer;36080;false
4;payment Rustic Plastic Towels French Polynesia;Health invoice ADP;redundant Personal Loan Account;redundant pixel Proactive;platforms Rubber Small;invoice;Monitored;bricks-and-clicks;17275;false
5;Cambridgeshire Chips;fuchsia bus withdrawal;back up Metal;Solutions;Michigan Mountain;red index;panel metrics port;Assistant;38290;true
6;pink;e-commerce;generating;Money Market Account bus;Ouguiya;Sleek Metal Mouse Generic Frozen Pants;Analyst Loaf Avon;uniform SAS;90445;false
7;pixel;sensor Savings Account;Field;Universal;web-enabled Optimization United Arab Emirates;payment Direct;enable Unbranded;Lock Cheese;30239;false
8;Shoes;JSON Assurance;infrastructures Berkshire Small;SMTP B2B payment;Practical Specialist Chips;Engineer non-volatile;parse UAE Dirham;e-business Ergonomic;50915;false
9;Intuitive;maroon Romania Developer;fuchsia Proactive 5th generation;white Lead;RAM Developer;focus group 24 hour;Dong navigating Frozen;invoice;74202;true
10;Rustic Rubber Tuna;Regional;hack back-end;parsing Cotton;back up Avon;European Unit of Account 9(E.U.A.-9) Bahraini Dinar plug-and-play;transmitting;teal Singapore Facilitator;14785;false
