id;file_name;template_url;generated_code;status;last_edited_by;last_edited_when
1;Frozen pixel bypass;withdrawal Auto Loan Account deposit;Refined Metal Chips;CANCELLED;Bacon;2019-11-18T12:18:56
2;New Zealand maroon hard drive;matrix Lodge;parsing programming capacitor;PENDING;Sudanese Pound East Caribbean Dollar;2019-11-18T23:40:43
3;SQL;Wooden Investment Account success;Ergonomic Frozen Pants;PENDING;Configuration benchmark;2019-11-18T13:46:41
4;incubate Frozen Automotive;silver Fantastic Concrete Pants;e-business Central African Republic;PENDING;Berkshire;2019-11-19T05:04:09
5;Coordinator;Circles;invoice Home Loan Account;CANCELLED;cyan transmitting payment;2019-11-18T22:20:05
6;Gardens;Handmade Frozen Hat;portal Money Market Account;CANCELLED;Awesome Concrete Shoes applications;2019-11-19T03:07:08
7;Toys;Cambridgeshire optimal hacking;Soft Refined Metal Fish Integration;CANCELLED;robust;2019-11-18T23:23:39
8;Credit Card Account program Handmade;Principal;Enterprise-wide;COMPLETED;Generic Cotton Car;2019-11-18T13:07:57
9;out-of-the-box infomediaries;connecting IB program;Books haptic Bypass;COMPLETED;Seamless;2019-11-18T19:28:07
10;Coordinator SCSI Gorgeous;Guadeloupe TCP Graphic Interface;Cross-platform backing up customized;COMPLETED;Intelligent Concrete Table Azerbaijan;2019-11-19T01:23:51
